{
  "index.html": 1705402927951,
  "ext/controller/Demo.controller.js": 1705488800213,
  "manifest.json": 1707119262904,
  "ext/controller/Dddfile.js": 1705833618358,
  "ext/controller/Azz.controller.js": 1705488556994,
  "Component.js": 1705402927951,
  "Component-preload.js": 1707119263197,
  "ext/controller/Dddfile-dbg.js": 1705833618358,
  "ext/controller/Demo-dbg.controller.js": 1705488800213,
  "ext/controller/Azz-dbg.controller.js": 1705488556994,
  "Component-dbg.js": 1705402927951,
  "i18n/i18n.properties": 1705488121832
}